{"cameras":[{
    "group" : "all cameras",
    "id" : "cam0",
    "origin" : [-0.00632625, 0.662674, 0],
    "right" : [1.00000, -0.00000, -0.00000],
    "up" : [-0.00000, -0.87161, 0.49019],
    "forward" : [0.00000, 0.49019, 0.87161],
    "principal" : [2000, 1500],
    "focal" : [440.8180, -440.8180],
    "resolution" : [4000, 3000],
    "type" : "FTHETA",
    "distortion" : [0, 0, 0],
    "version" : 1
}
,
{
    "group" : "all cameras",
    "id" : "cam1",
    "origin" : [-59.8797, 34.0726, 0],
    "right" : [1.00000, -0.00000, -0.00000],
    "up" : [0.00000, -0.01954, 0.99981],
    "forward" : [ 0.00000, 0.99981, 0.01954],
    "principal" : [2000, 1500],
    "focal" : [440.8180, -440.8180],
    "resolution" : [4000, 3000],
    "type" : "FTHETA",
    "distortion" : [0, 0, 0],
    "version" : 1
}
,
{
    "group" : "all cameras",
    "id" : "cam2",
    "origin" : [-61.2849, 103.157, 0],
    "right" : [1.00000, -0.00000, -0.00000],
    "up" : [0.00000, 0.85765, 0.51424],
    "forward" : [0.00000, 0.51424, -0.85765],
    "principal" : [2000, 1500],
    "focal" : [440.8180, -440.8180],
    "resolution" : [4000, 3000],
    "type" : "FTHETA",
    "distortion" : [0, 0, 0],
    "version" : 1
}
,
{
    "group" : "all cameras",
    "id" : "cam3",
    "origin" : [-1.00003, 139.006, 0],
    "right" : [1.00000, -0.00000, 0.00000],
    "up" : [0.00000, 0.87280, -0.48807],
    "forward" : [0.00000, -0.48807, -0.87280],
    "principal" : [2000, 1500],
    "focal" : [440.8180, -440.8180],
    "resolution" : [4000, 3000],
    "type" : "FTHETA",
    "distortion" : [0, 0, 0],
    "version" : 1
}
,
{
    "group" : "all cameras",
    "id" : "cam4",
    "origin" : [58.4884, 105.69, 0],
    "right" : [1.00000, -0.00000, -0.00000],
    "up" : [0.00000, 0.02232, -0.99975],
    "forward" : [-0.00000, -0.99975, -0.02232],
    "principal" : [2000, 1500],
    "focal" : [440.8180, -440.8180],
    "resolution" : [4000, 3000],
    "type" : "FTHETA",
    "distortion" : [0, 0, 0],
    "version" : 1
}
,
{
    "group" : "all cameras",
    "id" : "cam5",
    "origin" : [59.9374, 36.4842, 0],
    "right" : [1.00000, -0.00000, -0.00000],
    "up" : [-0.00000, -0.85747, -0.51454],
    "forward" : [-0.00000, -0.51454, 0.85747],
    "principal" : [2000, 1500],
    "focal" : [440.8180, -440.8180],
    "resolution" : [4000, 3000],
    "type" : "FTHETA",
    "distortion" : [0, 0, 0],
    "version" : 1
}
]}
